effect_size_cara_first_iteration,effect_size_cara_second_iteration,effect_size_cara_third_iteration,effect_size_cara_fourth_iteration,effect_size_cara_fifth_iteration,effect_size_rar_first_iteration,effect_size_rar_second_iteration,effect_size_rar_third_iteration,effect_size_rar_fourth_iteration,effect_size_rar_fifth_iteration
0,0,0,0,0.03999421189019905,0,0.11969491948345193,0.04288325831466499,0,0.04424778767989365
0.38514841771735997,0.21718736402417116,0.1891474284961515,0.15653994660823245,0.13847146914892766,0.38514841771735997,0.15019543801386512,0.26394001375017634,0.16137752150158546,0.09851701398651859
0,0,0.042043046027393574,0,0,0,0,0.09337409735665275,0.15263865933671933,0.028364038159398808
0,0,0.03254308717377902,0,0.05408250294261924,0,0.14134174166306526,0.11108136767019927,0.09424935533086364,0.07113998876079944
0.3357948642894808,0.32234909359804237,0.29096936197311357,0.2008649996070098,0.15899866768275453,0.3357948642894808,0.12925267425401016,0.14535669906291818,0.05966006510260052,0.07762674738974747
0.22660656858851205,0,0.16863262907699977,0.17263349281558152,0.1464365379084551,0.22660656858851205,0.061004655194019305,0,0,0
0.42804314090250034,0,0,0.0617920961436601,0.13633688784986203,0.42804314090250034,0.2998932668333471,0.201924095715123,0.24080720625170118,0.15570764465273335
0.21341818981242547,0.11616343869573163,0.1628868830682973,0.16710396627970453,0.07846074350651439,0.21341818981242547,0.06249103432097594,0,0.05199393624848201,0.03350340573458077
0.2883003891206433,0.27578662374661134,0.15208958853280552,0.10793891284643477,0,0.2883003891206433,0,0,0,0.036977163342131913
0,0.06772495314352975,0.08586341733788333,0.10280077267069679,0.1030894854331292,0,0,0.11164089074251679,0.0537422454618408,0.09694403913299056
0,0,0.1124105425998627,0.10288633121780481,0.06011967295879335,0,0.10497355430831921,0.0782454417930786,0.1441196139124319,0.10518229440748515
0.2088379916854247,0,0,0,0,0.2088379916854247,0.2104187211175796,0.07148422943016979,0,0
0,0,0,0.10663523576177793,0.08718896879838069,0,0.14668748596120684,0.14461249181235358,0.1130517150369514,0
0.05276879542846439,0,0,0.0631038414250064,0.04604868681491319,0.05276879542846439,0.09679677361500026,0,0,0.08987143080431333
0.35288679549989027,0.20679202911485442,0.10475051683667577,0.06964403961473578,0.0921924585478979,0.35288679549989027,0.2451092201784727,0.18444588968962877,0.07409961178698539,0.08827432570943694
0.3300819432053553,0.16000652137881025,0.08052235144100237,0.09171204620623583,0,0.3300819432053553,0.3648432464069329,0.22109196722898344,0.16906262936744126,0.15454203426196708
0.10014169065127605,0.03587138329719147,0.057930351003883336,0.025926561259861515,0,0.10014169065127605,0.10291774908827953,0,0,0
0,0,0,0,0,0,0.05677775426224905,0,0.11732046628382849,0.13180575334988298
0,0.06950209845772051,0.1377309228988474,0.1019988635438558,0.044548899241218375,0,0.0996493637126065,0,0,0
0.26042820618849327,0.14280483144471234,0.11572757301184533,0,0,0.26042820618849327,0.29499491615700485,0.1991814904477479,0.19772390394585562,0.13258592389533055
0,0.07617189665818243,0.021581619578736076,0.056165110785104146,0.0434733095792256,0,0.10649701947499123,0.18903380507882572,0.11571043828138544,0.10747546724373351
0,0,0,0,0,0,0,0,0,0
0.037913736790923594,0.18195430723436964,0.16627461444687122,0.1609288129816506,0.16173315041145175,0.037913736790923594,0.2265905596953271,0.04790046164986926,0,0
0.20718548254118624,0.13734543728224158,0.08881464659578331,0.11675315923413594,0.07643943309997633,0.20718548254118624,0,0.060662958967822145,0.06317626935170763,0
0.25185354850558767,0,0,0,0,0.25185354850558767,0.10020383318132489,0.13489934720648275,0.14223914612596966,0.11508625656056613
0.26475837272539265,0.31680392672436863,0.17719217649007662,0.1524139524243867,0.14077595714492988,0.26475837272539265,0.05016577915643445,0.2015823630412311,0.24049673471487448,0.2061286532362776
0.2866122573318107,0.23409655518011666,0.2313839786217496,0.1995466471577171,0.1634599207663063,0.2866122573318107,0.1453486481450893,0.17389217454453512,0.13763992909448652,0.10984050494054706
0.2086565386306136,0.12909341173127814,0.11352346528231355,0.1171815085166289,0.08498236257006733,0.2086565386306136,0.16907416958596247,0.10779837871602059,0.16032155913008245,0.05939261931838322
0,0.2071761966898698,0.1303183426045407,0.1349195566416363,0.111248466839686,0,0.1660810339082021,0.058906779744477514,0,0.05777727536396204
0.11501939226878934,0,0.061466260631158044,0.08449360641521352,0.05954147370274186,0.11501939226878934,0.2624404268866876,0.17932832631631224,0.11584992713804569,0.07200655162136821
0,0.14670191686711623,0,0.04625036472813092,0,0,0,0.13768177399765838,0.11762010735978293,0.09603480912719879
0.08842703858365092,0.12061383423533002,0.041102440357087155,0,0.0942417528973952,0.08842703858365092,0.20936392602248743,0.08854454970838876,0.1299736592049583,0.09909648861565991
0.19318987983165375,0.18613287749150734,0.15132330277599534,0.13566879834831286,0.12266079195957962,0.19318987983165375,0,0.11318360049610526,0,0.039891001733278746
0.1468461668268046,0,0,0.2188251306723971,0.24611435284915562,0.1468461668268046,0,0.07063451963145861,0.12868281904987147,0.03247204602156233
0.17801834649982481,0.08360452238229509,0.12636791001003767,0,0.0475783710915257,0.17801834649982481,0.15592823825213278,0.1519355732260489,0.10942736692116878,0
0.27486236567312494,0,0,0,0,0.27486236567312494,0,0,0.06009567078360569,0
0.09463648615423156,0.13417621762354637,0.15908130987273228,0.06281588526464518,0.11692451910975389,0.09463648615423156,0,0,0.05317977946262894,0.10483000079880087
0,0,0,0.09665711917331006,0.1569833429428822,0,0.08299024419458648,0.05408171753890556,0.052370071996492816,0
0.22694739217010435,0.24290327684155222,0.0680655538697249,0.06222827111394322,0.07656747306728202,0.22694739217010435,0.16788882575438346,0.2246616744419221,0.21053702205429453,0.20739388391704047
0.1395444750979158,0,0,0,0.09435912640723039,0.1395444750979158,0.09488931305793438,0,0,0
0.36605414079837145,0.06975032711818929,0,0,0,0.36605414079837145,0.25618078638841507,0.21746857354820393,0.17956858423187727,0.174565264582331
0,0.13904021654857573,0.08002930505847192,0.10196565200606247,0.0574866988803629,0,0,0,0,0
0.2045583554673072,0.2213707888871926,0.11768363581796361,0.06728148107438064,0.07187437333475503,0.2045583554673072,0.19580282990030193,0.15884696686130723,0.11622232632215036,0.05620643476351832
0.22010481424587247,0.14532612047619392,0.12444713195837567,0.08848293964789652,0.07597059592902873,0.22010481424587247,0.2234009492250135,0,0,0
0.1969219752647584,0.19196582967699138,0.1672723716011003,0.1429111632449192,0.09538678708854413,0.1969219752647584,0.14450033604598017,0.1819213650666307,0.15878829682632858,0.09600816261292733
0,0,0.11146949288432088,0.1654864115449385,0.12651919006356954,0,0.04287485363556558,0,0,0.1451010768533361
0.22964897349922841,0.17870392244974798,0.13648548476235453,0.13719829395452543,0.13804952008555224,0.22964897349922841,0.135654153696839,0,0.029944812780236862,0.06245784567991642
0.26984093328634956,0.14298412476359876,0.14709101222999332,0.13526029749467472,0.0837471981834581,0.26984093328634956,0,0,0,0
0.24334606497251626,0.13912464962713622,0.06232425166520571,0.06804220148277688,0.11245645130350139,0.24334606497251626,0,0,0.03628437287502339,0
0,0,0,0.02367204567087137,0.05996595921322948,0,0.27259339691248213,0.2538055189524732,0.19179943967978572,0.16339250641374561
0.25739094064338064,0.0449444815113602,0,0,0,0.25739094064338064,0.20152840497272315,0.18254395882930988,0.2175148811802931,0.18530073706209294
0,0.07312653633661452,0,0,0,0,0,0.043070167532993996,0,0
0.3784604645565019,0.25949697301452884,0.1032721119280953,0.07165121911836171,0.09139602548580776,0.3784604645565019,0.11816645402131436,0,0,0
0.08544603679421603,0,0,0.02392696585403441,0.06476077712301213,0.08544603679421603,0,0,0,0.04482517761730845
0.15192555625659115,0,0,0,0,0.15192555625659115,0.17062397692344472,0.11592205996424439,0,0.04058298738436919
0,0.04146104915044631,0.09440088506038298,0,0,0,0.13507767222030045,0.11258097172916742,0.09396444692605642,0.08504411278169005
0,0,0.1261764280878127,0.07598476468078845,0.10884539899036971,0,0,0,0.05385341631858885,0.07352237820677543
0,0,0,0,0.13653793240282344,0,0.14607521881183547,0.03699797008722862,0,0.03774945515354315
0.13968304422758746,0.05887571561912917,0.08473345257248878,0.09110091590671006,0.13675209905331034,0.13968304422758746,0.1652597527076054,0,0.00656669514587948,0
0.0736705533259417,0.24829488986743248,0.18107250649533338,0.19323360213708923,0.16761731693065424,0.0736705533259417,0.20021007083956982,0.11007211913980396,0.13694234793042492,0.14187304898845338
0.12456694127889709,0.19039109519983552,0.17603085265340163,0.10168044820963279,0.07798725250523623,0.12456694127889709,0.24533036774190706,0.17433392276958268,0.04942596724876407,0
0.10563376343246648,0.13991925091719096,0.15044562679630166,0.10932800596789417,0.16014980609325596,0.10563376343246648,0.11356226524108852,0.11186021591245807,0.11380368428154965,0.09291062653131928
0,0,0.10560050127937984,0.062722091800025,0.0287417108052878,0,0,0,0,0
0.23515824768280527,0.12155479257403706,0,0.053037790322300056,0,0.23515824768280527,0.24994462250943122,0.2256876546249837,0.1719448703546931,0.13619993600359132
0,0.11145353533981327,0.13915344223605075,0.15899093289478625,0.17272940577413592,0,0.11944415658571952,0.023435679090582077,0,0
0.19373383721264928,0,0,0.01825392697035734,0,0.19373383721264928,0.14727334726576963,0.20477831081526834,0.17914646091212058,0.11873892589535025
0.46499927041607225,0.12783353141020612,0,0.1503095850933496,0.13966359665151437,0.46499927041607225,0.32984486200539626,0.2796162591062101,0.15625450925974765,0.12917614249691017
0,0.1466314419198747,0.03711009365057984,0,0.024425278969746334,0,0,0.043431467002362875,0.10713745683823177,0.14851747880025087
0.3301021379322186,0.11553878677655333,0.09258195907099999,0.0744913376309481,0.10914463499013932,0.3301021379322186,0.15932822556299348,0.15728518157336902,0,0
0,0,0.04817829123147015,0,0.03207122913816833,0,0,0,0,0
0.045145595580002446,0.10876204979106037,0,0,0.022386918403858563,0.045145595580002446,0.04790214380514853,0.12091273660731544,0.09238571562587129,0.13305674120202132
0.2245465083699464,0.189377225411875,0.1353410012557387,0.12953084035966045,0.14208842920449727,0.2245465083699464,0,0,0,0
0.12810360615741428,0,0,0.05252455694631959,0,0.12810360615741428,0.1507790219870269,0.12751876644129895,0.09149425419831793,0.09176844398835438
0.21620100025694441,0.11717095840935994,0.09715760005165816,0.062342149151902136,0.09104302676430442,0.21620100025694441,0,0,0.08593433267953358,0.0969426757218667
0,0,0.12006475281783781,0.03573232454667016,0,0,0,0,0,0.049466846520736685
0.5070493332307968,0.14596081959862417,0.12701063260345385,0.07498531276576814,0,0.5070493332307968,0.26141193580974315,0.16373612406458307,0.11664473089765483,0.0437066301066355
0.2537361065170522,0.16814929752092692,0,0.05658342304362304,0.02760907617533467,0.2537361065170522,0.15167108802748985,0.09351023227530347,0.10878153818803679,0.05697720963080705
0,0.1885692488077131,0.20511961793653707,0.052409807758169745,0,0,0.22362423240387166,0.17256121404466288,0.0926197412181948,0.08566654376514946
0,0,0,0.042139290764374844,0.11383155015582191,0,0.03563611369168258,0,0,0
0,0.11853687681226377,0.07316246122801774,0.06382110622220993,0.07016704949178573,0,0.2569447925817835,0.2447726724284088,0.19383224773775629,0.1618253524139761
0,0,0,0,0,0,0,0.07210014595727235,0.13520887725779895,0.1436304068449337
0.09512271557324253,0.15580129648222013,0,0,0,0.09512271557324253,0,0.033111583219021225,0.02795009235389903,0
0,0,0,0,0,0,0,0.02675404168138339,0.07929832603643339,0.1017964421621858
0.1558981779633119,0.1679135474282124,0,0,0,0.1558981779633119,0.14888955969932693,0.05389312714247603,0,0
0.2441945961881045,0.09085272615233843,0,0.0804601211064016,0,0.2441945961881045,0.09533444133783472,0.16962216027520952,0.1667830731274714,0.12749242073046652
0.35639555085876706,0,0.1857047865850959,0.11360086315675307,0.10292783904580408,0.35639555085876706,0.28745987315345084,0.2036240945092163,0.1906912052636002,0.11995579807379789
0.04483262669060814,0.1807667561942034,0.18411385787591106,0.10153956670565509,0.06454043390403623,0.04483262669060814,0,0,0,0.042519087861102735
0,0.18735164800632922,0.14500547536694985,0.12583810341288024,0.13181633348250213,0,0,0.027153317951028322,0,0
0.2576972705670359,0.20200149756021593,0.15858031174426485,0.12162718328526098,0.12082599063554277,0.2576972705670359,0.27156245299952153,0.22090232966876663,0.16997942877849456,0.17144569411524269
0.08637346746211208,0,0.029837985242305878,0.01524702513777909,0,0.08637346746211208,0,0,0,0.022596577738470115
0.23733033708619403,0.12032744111590588,0.04979659535971508,0,0,0.23733033708619403,0.22608419363407498,0,0,0.09744191742828365
0,0,0.12760684401995115,0,0,0,0,0.10773337254920351,0.13017021453478833,0.08927191849522358
0.23748926019683714,0.08000119174386071,0.12839159814200432,0.1169362909529033,0.07471814926549727,0.23748926019683714,0.13508656774143563,0.14423140390385392,0.16037045941135644,0.16410499259332453
0,0.10960343186849791,0,0,0,0,0,0.056363188932634284,0,0.016306790997589478
0.306936990981111,0.07582833801841544,0,0.03294674137518754,0,0.306936990981111,0.12265036223230064,0.08070823231120379,0,0
0.29285071865201395,0.2196574396799105,0.10552384976817047,0.11424256464671853,0.106327722285421,0.29285071865201395,0.21997334381033437,0.25357288149036633,0.13202569458799535,0.114966821770122
0.31949216406002157,0.23444156902310156,0.18773184175510407,0.14641688547747014,0.132328403249744,0.31949216406002157,0.17827962945120202,0.07123117137304356,0.08768295018664043,0.0866628753904965
0.14689493724503783,0.1325142878362782,0.1120025341210138,0.10592051140561205,0.08650252814825017,0.14689493724503783,0.045059876129303504,0.13267347110393346,0.07990126799998905,0.042533318449050866
0,0,0,0.05736213583976395,0,0,0,0,0,0
0.2512970188180029,0.11530784003171703,0.03786262943136675,0.043626562008220515,0.06789700141438845,0.2512970188180029,0.2639624598099441,0.18737073245295935,0.17502948901003043,0.09712035956705391
0.10844798894594981,0.10268114598612062,0,0,0.03837725066528969,0.10844798894594981,0.14839219136682827,0,0.1045707961067808,0.10642417532221016
0.0763145103540025,0,0,0,0,0.0763145103540025,0,0.1137341534297535,0.11187306743059375,0.0914896357277278
0.18203675867337576,0.23138810699416398,0.11261761195709964,0.10636747177647676,0.09117353874744462,0.18203675867337576,0,0,0.05795520403646556,0
0.18678213548829056,0,0,0,0.0796271866877144,0.18678213548829056,0.2324280485812291,0.1721241465698088,0.19701934691092146,0.1969023760360157
0.18807082317384693,0.2643725928000391,0.19442479871468318,0.17340916790527022,0.17473503366416945,0.18807082317384693,0.09550651574533364,0.05841093322552739,0.03505943113007831,0
0.24893346838958977,0.1501348513628419,0.10215798668276768,0.08761723557273446,0,0.24893346838958977,0.2019974451610764,0.1283730790972012,0.16490670820234202,0.16272821062892145
0,0.02818448255404446,0.13229001062129953,0.09887756196437578,0.11748505941879711,0,0.11164216515546113,0.05713601334459785,0.10161589124082729,0.11521709108149936
0.1641676177207056,0.09921051435020967,0.06195599971934925,0.09499975577457816,0,0.1641676177207056,0,0,0,0.03246127167040643
0.21055890373676622,0.18466395332042837,0.18608166352547706,0.15317085819344736,0.12131555829385784,0.21055890373676622,0,0,0.0961088227803893,0.0405592487656518
0.2884583896560374,0.2150596871661188,0.1044520041488956,0.07387845543406305,0.06533174484204825,0.2884583896560374,0.1905941933991546,0.04040264771521706,0.029614719618269524,0.08168923553738536
0,0.13879697682864184,0.12612923690049538,0.11814529773389433,0.098411257118142,0,0,0,0,0
0.1647092585443022,0,0.1487356716022062,0.12050715457424346,0.12587862445201362,0.1647092585443022,0.14057061340391516,0.12650606001080356,0.07811295540103982,0.09309118067297623
0.3146317512594682,0.06897113465244183,0.10153772739131779,0.1049216684585707,0.060684090807986646,0.3146317512594682,0.1565297749507158,0,0.0949371225442594,0.08772556830454441
0.09322349955943539,0,0,0,0,0.09322349955943539,0.09185670246166551,0.08311172377306632,0.06844665742010042,0.06365841100531984
0,0.09590592044493056,0,0,0,0,0.2174261285380965,0.0796853836558087,0.03518555384627651,0.06518920086061734
0,0,0,0,0,0,0.03695890744076772,0.08909625157966261,0.08193769903050589,0
0,0.10972798083202512,0,0,0,0,0.07010524709788586,0.14536229164283065,0,0
0,0.08532914638801936,0.05859897268031317,0.13696508721878334,0.13659524019198288,0,0.04630029046452833,0.10477755963351332,0.041880686455500575,0
0.11218041217659855,0,0,0,0,0.11218041217659855,0.128137459517281,0.03802856196570866,0.058025666001640046,0.09772492430290303
0.5148238517948948,0.14739413341998067,0,0,0,0.5148238517948948,0.32674505700611217,0.23354308854018996,0.24568353832808498,0.1905817157772231
0.22735440478300806,0.106153342682408,0.07871624479002362,0,0.06972744380590301,0.22735440478300806,0.19540816033029165,0.14982271803664507,0.13327235848545163,0.1726866896740612
0,0,0,0,0,0,0.16667314466381994,0.03066053482138799,0.15988137223155663,0.11248699886453888
0.2847073179415291,0.06752672618642934,0.12492844394956583,0.10711443574221916,0.1650416822502727,0.2847073179415291,0.27101569819718163,0.22747224582890893,0.24551704644654937,0.23037302620976446
0.32577854229377556,0.22113269255042506,0.09249088592060799,0.07311224041390657,0.06918884291886039,0.32577854229377556,0.08331634226677133,0.1539965279425005,0.14252535481177453,0.14543638731876857
0.06617192099919061,0,0.04103345862169944,0.07400130082188176,0.011113402733424354,0.06617192099919061,0,0.08804836698940532,0.11333951505683762,0.06473306964529774
0,0.04331441113150161,0.1105523929198096,0.0771696257187156,0,0,0,0,0.14204103182950456,0.060753702107743036
0.2894071893656432,0.20624333249198223,0.19558711121008993,0.23338945920490478,0.16182663883351775,0.2894071893656432,0.10130702396130185,0.14719148344855615,0.07830609838844015,0.038551792980058244
0,0,0,0.06361566704683991,0,0,0,0.11179674658263895,0,0.02413384246420974
0.2695434826182512,0.223253573183183,0,0.03591039912555417,0.03287968370839858,0.2695434826182512,0.06931073140705273,0.09113745308244396,0.1370566327119908,0.14115653425704197
0,0.18787515886458872,0.17731837014855892,0.16226625064987713,0.1755306261144285,0,0,0,0.016410046334902128,0.08659319250970371
0,0.028631642397061792,0,0,0,0,0,0.06585969774147568,0.12073673926111392,0
0,0,0,0.12399003405069732,0.0767992996284086,0,0.08157524760580313,0,0,0
0.15824253549757103,0.010416224084966157,0.10027670638956918,0.09001104601506167,0.05721180182885244,0.15824253549757103,0.12048874804911326,0.123943860330014,0.13310853621326355,0.11682687185006778
0.15989556196946467,0.17198876139998145,0.18651969375618463,0.16183293166076368,0.05878964463504369,0.15989556196946467,0.11867792870807016,0.1698324015813838,0.17738597018438348,0.18109973659814155
0,0.08844220785722255,0.11477132256183611,0.08741282602085625,0.08969333375698295,0,0.1392482605129895,0.14298934148346953,0,0.13356705628046595
0.18533161380368923,0.0883466328358854,0.1285885595887378,0.15174185994358524,0.14306856566751644,0.18533161380368923,0.03141537035196147,0.19268544194659085,0,0
0,0,0.06240659483901405,0,0,0,0.18529069309299592,0,0.09526393897330526,0.0748269896698153
0,0.09135761689371619,0.11476395794836529,0.10614143048102297,0.06642873045475653,0,0,0.14224152460686432,0.1454433797736888,0.09617117981444835
0.10911490758351121,0.07933495165602716,0,0.14666068990969214,0.1509091506232505,0.10911490758351121,0.11586083769159426,0,0,0.09147587116747177
0,0,0,0,0,0,0,0,0.05850204632133954,0
0.26748768655538785,0.22312316422149112,0.22395604798584404,0.15323060289233756,0.08452913797382511,0.26748768655538785,0.24245044460806128,0.11262296974955956,0.056498540482065804,0.06397607201916716
0.2845731092111973,0.17107001837091512,0.10447066090214926,0.0646900897476043,0.06269938187011198,0.2845731092111973,0.18937552087297888,0.057817085263276884,0.14361755151129446,0.17512230829045555
0,0,0,0,0,0,0,0,0,0
0,0,0,0.04370036854036733,0.10039168752379796,0,0,0,0,0
0.39666381607503426,0.07681125121189354,0.03735045204708081,0.05742782739085035,0.050599699702412,0.39666381607503426,0.23654762037555344,0.22083675825522744,0.17515296927677793,0.12593463178882813
0.4394025350302187,0.23347012008485382,0,0,0,0.4394025350302187,0.2362035537364629,0.17350696448372657,0.06207899039375574,0.12284769507636667
0.3805400699147789,0.23092641360344737,0.22140331482375636,0.18223257856384775,0.15431474983022114,0.3805400699147789,0,0,0.08452913211294792,0
0.27060661789578294,0.026942613085553794,0.0725774761258918,0,0.07907480862469893,0.27060661789578294,0.1088612013350133,0.04101202941033224,0.10267354049293836,0.13451010661076826
0,0,0.06980156248749006,0.06740362749203502,0.05646845132512538,0,0,0.07724199732897725,0.09244847602586354,0
0,0,0,0.043514890971049706,0,0,0,0,0.05883090656167619,0.10073984954423462
0.2986206347630172,0.0957168968970357,0,0.03237962060653407,0.0896361881578453,0.2986206347630172,0,0,0,0
0,0,0,0.03582278671863136,0,0,0.21818344237018766,0.06470744949714909,0.0816695240040202,0.07765084005005604
0,0,0.08153223161679267,0.0915557465798361,0.013902391045547167,0,0,0,0,0
0.11875993445733617,0,0,0.14136547244670597,0.09425228473583246,0.11875993445733617,0,0,0,0.08499460686123747
0.38555752299990415,0.21036233475462032,0.13327285048243717,0,0,0.38555752299990415,0.3935676757265752,0.31245617724747987,0.26198321585933787,0.21809972765488772
0.2179547167692199,0.27811664360501165,0.26518879968166803,0.22671245180146235,0.19125760238516012,0.2179547167692199,0.29472626695493687,0.136360212773761,0.2202466278915763,0.19576130118215204
0,0,0,0,0,0,0,0,0,0
0,0,0,0,0,0,0,0.06470499529368076,0,0.04423087276381548
0.0222057795842164,0.05343620306293511,0.08201994630034729,0,0,0.0222057795842164,0.01314058634937679,0,0,0
0.35041516727655514,0.12262578676454579,0.11796817776898291,0.07203998641971976,0.11339754032308115,0.35041516727655514,0.11030122931804312,0.10184033998451197,0.019475091970209798,0.07749216968791107
0.08562251791660333,0,0.14751054974866154,0.11812401068470045,0.10342060770343281,0.08562251791660333,0.06248547752603224,0.0704160300172212,0,0
0.15659047691910874,0,0,0.11713881096565873,0.13197688270546223,0.15659047691910874,0.2497183670682397,0.18821333205790022,0.2756979996586135,0.19218053834488857
0,0,0,0.04116056756878203,0,0,0,0.08177291788565384,0,0
0.15760629298902876,0,0.07222639530055909,0.0878315642804979,0.09944253305533204,0.15760629298902876,0,0,0,0
0,0,0.08367945897713389,0.06550386062276421,0,0,0,0,0.04416385016819451,0
0.27673613117821366,0.1511865650820567,0,0,0,0.27673613117821366,0.2146280384729489,0.15756683565506688,0.1707739166462107,0.13919929380188364
0,0,0.048826719054038,0.061332014939652145,0.017103964444732396,0,0,0.10060093145979154,0.06702279994621761,0.06991627141036154
0,0,0,0.08133430758330919,0.010982735564708771,0,0.06332737558352781,0.13355078588373745,0.1099120423106538,0.10091522340911425
0,0.0795343740410193,0.1306313633625741,0,0,0,0.09517488034061958,0.032388384320905586,0.02720628365180908,0.09171830479216303
0.1969219752647585,0.17373044328402587,0.11871659423357427,0.095289894388968,0.08199593768588301,0.1969219752647585,0.13447653324827283,0.10215202363932505,0.038881374540158484,0.06801271828594646
0,0.06230882670957431,0,0.04471383959132997,0.07478516441110167,0,0,0,0.03824187999923505,0.08129427783315869
0,0.06556752985658985,0,0.1092782471287996,0.09318627955604797,0,0,0,0.16085859552571685,0.1784836347741868
0.3605686077833341,0.15076892378737247,0.14594116187720407,0.08734704740561088,0.06580050070903444,0.3605686077833341,0.18322601484036116,0,0,0
0.3677290087292373,0.2963882288560079,0.13309287147737953,0.11707268282550752,0.07883149862769763,0.3677290087292373,0.1604053730104043,0.08393517083258419,0.07175719611008045,0.08944415313277786
0,0,0.075977489971253,0.02338545798136753,0.06121681296887947,0,0,0,0,0
0.39198575057370216,0.2853578934892475,0.15415097243875206,0.09403964757526126,0.12999010445553788,0.39198575057370216,0.31903093528768744,0.16816897220073132,0.10794735131491714,0.13437211046422615
0,0,0,0.03603857541502942,0,0,0,0,0,0
0.15079246667824694,0,0,0,0,0.15079246667824694,0.11124006097246303,0.09933120585020054,0,0
0.11468452148537285,0,0,0.07955200801645375,0.07778263528663543,0.11468452148537285,0.07591091358902809,0.13784437354775345,0.17864130746642282,0.14108173062858867
0.3393699083902504,0.18056905427822342,0.04660352439645297,0,0,0.3393699083902504,0.2472865167207192,0.2807958420420778,0.2181580886824686,0.19434597476569876
0,0,0,0,0,0,0.10540277287967181,0.22258666403166577,0.20630160000329292,0.18730877981172334
0,0,0,0.0637221848852989,0.08172567639198822,0,0,0,0,0
0.3125787693180771,0.135269997091913,0.11145387046064026,0,0.1683016564230615,0.3125787693180771,0.0772971405478447,0.06774094176230314,0.06241233289729167,0.04123782091862206
0,0.03731273777116696,0.01893932451140049,0.028104804104775345,0.049523809346542415,0,0.06667090410229597,0.1507069954164255,0.09299779653214063,0.0900185426236984
0.22370223688323346,0.3379787206426077,0.18818477444397963,0.18928984905127716,0.16118038994778225,0.22370223688323346,0,0,0.07183621133160878,0.0643491763315269
0.38007891872607785,0.19415062392911642,0.16839553757471987,0.18357036135880395,0.11078089355158995,0.38007891872607785,0.12414732065049192,0.06832381723927985,0.13136345326266644,0.09476193089157199
0.15640636254385634,0.18610486447367075,0.1835941881006173,0.14172117228115605,0.16962221218048712,0.15640636254385634,0.20334911118927512,0.04124900408305609,0.1084726587529909,0.07573949881387382
0.2902200254548807,0.28196183091356086,0.19593487939550827,0.15032338721978336,0.10093510348729824,0.2902200254548807,0.105054331330415,0,0.0387078859638641,0.02567300937127609
0,0,0.03577169574971033,0,0,0,0.07131724289533443,0.1251509862284846,0.1786878567173545,0.20493299506322898
0.276279617792591,0.1807229979635203,0.15135241884873527,0.12767778689149875,0.11178284713498396,0.276279617792591,0,0,0,0.08573569977020237
0.18964260140418493,0,0,0,0,0.18964260140418493,0.1540400498339764,0.13254463988751206,0.13653899624846164,0.13177471717662942
0.16037121955849204,0.12260745753393375,0,0,0.013415345171924189,0.16037121955849204,0,0,0,0
0,0,0,0,0,0,0,0,0,0.052395965765238375
0.21208738907832467,0.3477320536414662,0.23549323773378766,0.23234902447928688,0.21188666036546008,0.21208738907832467,0.10065142359688602,0.05953310585493021,0.07072803355860233,0.009586604924336528
0,0,0,0.09987978791880593,0.0913652084895628,0,0,0,0,0
0.3107163643013658,0,0,0.02070628189860102,0.023675197304601974,0.3107163643013658,0.19136326882104446,0.2224970049272416,0.14265263612717785,0.1481526099928366
0.30980935001315035,0.1437696940038277,0.2243815001770731,0.13971530729749526,0.14433201025141293,0.30980935001315035,0.1883317680636666,0.1558858251131628,0.02355188738977509,0
0,0,0.048902291536220686,0.04464498081511433,0.08259602116285159,0,0.13576162312475254,0,0,0
0.21969503165200077,0.1128899296797869,0.12008309656124078,0.006789772721400432,0.07523945113187412,0.21969503165200077,0.007162060373956908,0.05950668987618537,0,0
0.033668439129403344,0,0,0.08053057264533697,0.13791644316013757,0.033668439129403344,0,0.1809488098870047,0.12806687021690738,0.14387011538193814
0,0.06662152824691915,0.11067846780147253,0.10081369843989445,0.07382244441438314,0,0,0,0,0
0.24007275941968292,0,0.09937506135965805,0.11923670778080765,0.1146073354758922,0.24007275941968292,0.14345527542392375,0,0.09415702696541174,0.07105196245712636
0.1413167159297987,0.2579088789455336,0.26926997086975657,0.24654385654840733,0.2210365512193619,0.1413167159297987,0.0411684610601184,0,0,0
0,0.11753494921036181,0.024801796156179872,0.03931329816036112,0,0,0,0.15400845304747637,0.1727723971557672,0.1649638476268589
0.3592852662208715,0.2737238353265661,0.21957597379402732,0.15262366285909404,0.12431506412860772,0.3592852662208715,0.29664382238450915,0.17570467001703768,0.23369370104702658,0.23002432346453772
0,0.10385785122910997,0,0,0,0,0.08129320900433655,0,0,0.08542758032659573
0.26142874429753965,0.06633862817523732,0.033756721561478395,0.13797101211309656,0.15752436222992136,0.26142874429753965,0.20804867646018718,0.11409457973014991,0.11315060018480401,0.11122618250568847
0,0,0,0.02425671680579913,0.047587712137504345,0,0.12400082886158681,0.18869778228693662,0.19719432866228231,0.12117142736744306
0.21034770710069925,0.1456879580229119,0,0,0,0.21034770710069925,0.11991496997171466,0.09733070021509702,0,0
0.10891829424200655,0,0,0,0,0.10891829424200655,0,0,0.1205640790532931,0.06860297279392664
0.22343439249807107,0,0,0,0,0.22343439249807107,0.21333735165908926,0.21090510760467018,0.20577651056433355,0.15031052049663005
0.288710813471668,0,0,0.0888794403658211,0.06732288112093066,0.288710813471668,0.14656350929380538,0.08172832078062667,0.08963259878957651,0.1133743194053934
0.2797462782929641,0.1938776451367001,0,0,0.02609688405299801,0.2797462782929641,0,0,0,0.012270581307397048
0.0851824754926395,0.06435012929718417,0.05842785382664242,0.07212400587146511,0.12278075139056725,0.0851824754926395,0.20574711187094502,0.18039935304180482,0.13130832757210306,0.11679883385922131
0.2654351710806669,0.09201498569125989,0,0,0.07631272007635309,0.2654351710806669,0.13227781819240314,0.148671159092434,0.13339069588260677,0.07204676437033981
0,0.1603281589282071,0.12381696704140176,0.1254243842661848,0.10112711355094786,0,0,0.07895358231188682,0.11725152571020046,0.05407616546084056
0.23429697488216125,0,0,0,0,0.23429697488216125,0,0.09049941832706457,0.16574067811933477,0.1636309213996225
0.3743781999845652,0.30153835314773697,0.25609280400024403,0.2133102709281217,0.1902024758066105,0.3743781999845652,0.15275738988032087,0,0,0
0.3032552242937876,0,0.1461429758824405,0.110646431945262,0.03944477699378734,0.3032552242937876,0.12931507609386222,0.15199018452567367,0.13033381787644113,0.13078079990954364
0,0,0,0.04390152178404502,0.12581636397912774,0,0,0,0.07319557987206002,0.0540442509568278
0,0.17121894883060304,0.04355417683852382,0.09737901452867485,0.04781087840389574,0,0.151269733840591,0,0,0
0,0,0,0,0.07704698492838541,0,0,0,0,0
0.2330435333845125,0.19279725052376112,0.14778163290348142,0.13306585164664084,0.11525202638169273,0.2330435333845125,0,0,0,0
0.2970312473659505,0.16656722635875387,0.13215679850735446,0,0,0.2970312473659505,0.2916594764635071,0,0.039606275859845545,0.09555283576494876
0.17025771890479802,0,0,0,0,0.17025771890479802,0.09868785500326413,0.07957207570388272,0.0780702728259463,0.054681087932184194
0.20148587102215443,0.11947623154481476,0.1585129955547069,0.1436721995882688,0.14150586556244454,0.20148587102215443,0.22013928812453556,0.13118901370735736,0.17363274788259886,0.1862141342398873
0.30437222301394407,0,0,0,0,0.30437222301394407,0.08312072170890245,0.0695080967440592,0,0
0.3913457441864389,0.227227298469807,0.15622830985273334,0.14655961118716423,0.14214942367044034,0.3913457441864389,0.25780689771810233,0.15124976658395217,0.1300565837408573,0.11121009989808096
0,0,0.09743523847542687,0.058945379852644926,0.060696767330095665,0,0.09878820824483057,0,0,0
0.17603695915634018,0.06596897901493129,0.045199166164261236,0.08165832230718914,0.10796428936493031,0.17603695915634018,0.11051895770669659,0,0,0
0.11909224197918504,0.12496898668888812,0.15957909018881916,0.1630822382130184,0.12176275926189922,0.11909224197918504,0.127154103035957,0,0,0
0,0,0,0,0,0,0,0,0.012447334262523153,0.04367941784458803
0.13275900615468347,0.21521194359913143,0.21780806109452402,0.15588834204563504,0.14313045592397958,0.13275900615468347,0,0,0.04517032137526582,0.1386070854912226
0,0,0.06237512728987933,0,0.09915562385294631,0,0,0,0.10678555356228629,0.04202508081065977
0,0,0,0,0.06948785735314301,0,0.07846806674368675,0,0.027932392559903853,0
0.08857190033634857,0.10810800485928802,0.07462952335042317,0,0,0.08857190033634857,0.12107646381988166,0.10816807555079062,0.08879987791810696,0.03887438368485885
0,0.14033509528661586,0.0436295458671915,0,0,0,0,0.03663609624517743,0.11698138146966154,0.08180063837964945
0,0.18458516633629435,0.0643870644159435,0.036338752928261754,0.11916556563357614,0,0,0.03704497275166048,0,0
0.36259148031973787,0.2660822952435672,0.18780750624869982,0.15823124556579882,0.14943878979810443,0.36259148031973787,0.3084683848055436,0.18890954765219514,0.1395736098948728,0.1068812601530899
0.25276897745523924,0,0.03079957251952349,0.06216405857518969,0.07018702298177747,0.25276897745523924,0.15888598830458922,0,0,0.026483706272511304
0.052495288179110054,0,0.06009229872793696,0.05845943160058055,0,0.052495288179110054,0.15300364874934114,0.10276047413530866,0.09746657585787204,0.04534123536009804
0,0.16054960775947652,0.11711688268923719,0.07508201767626507,0.06572280460858089,0,0,0.0630854739918695,0.0544274886482675,0.015580841726688735
0.23299698012878028,0.1745429219526614,0.08973944980464234,0.07151141325484775,0,0.23299698012878028,0.25442073875511734,0,0,0
0.2818515102113268,0.07189362020027898,0.07174770795000403,0.04060998556280464,0.048609570278862264,0.2818515102113268,0.2528453392076487,0.22362957202329148,0.20251755581222244,0.1993074102068722
0,0,0,0,0,0,0.1489010933526232,0.18344358606310215,0.1622608520906702,0.13031410199281146
0.40983036485956964,0.14720739273543984,0.10112707067415455,0,0,0.40983036485956964,0.13047396273433595,0.11544485597216617,0,0.050210768861039916
0,0.1566534472245522,0.23723137746572756,0.16555338793439556,0.159569558197646,0,0.2112481057644146,0,0,0.05599093810465071
0.3368348147164435,0.14307554168804795,0.15000784638740838,0.09219388009212487,0,0.3368348147164435,0.23054166221504052,0.1668984670111663,0.08659415255987628,0.06923491651029161
0.2643132819931333,0,0,0,0,0.2643132819931333,0.16650529088630658,0.0900108525158791,0,0.02289724140853597
0.22556755178700227,0.23298622411312198,0.11758672236576767,0.13106398825442486,0.10304880356436912,0.22556755178700227,0.22355269196352115,0.14325237459849607,0.12486281103581648,0.0920185300417098
0.27329910650325695,0,0,0,0.013965455227806399,0.27329910650325695,0.10005082700733425,0.03600838967108919,0,0
0.18810301940442561,0,0.15859415016401818,0.11634067122071455,0.02327292785241571,0.18810301940442561,0,0.0903762948381071,0,0
0.08544603679421603,0.014357373282885505,0.10915591952412264,0.12481213729806,0.15085925137944653,0.08544603679421603,0.049141278127543105,0,0.12837729009498328,0.12404273286661634
0.04267429637493233,0.025735846398404535,0.10597532514390386,0.09325820766913982,0.1105571345550889,0.04267429637493233,0.0770818499110397,0,0,0.09349591367811226
0.23154492784998254,0.14396561330373026,0.2045154548258665,0.18506361300030272,0.16627524456981244,0.23154492784998254,0.1293145610888328,0.09947365846863834,0.09634389541790518,0.08935569063487363
0,0.15504345918673182,0.11537325584241638,0.04505213906325038,0.10834884033818068,0,0,0.01987880603129019,0.06712458314911438,0.0752176042878787
0,0,0.06978307432910835,0.0510447466308491,0,0,0,0.045117660748191894,0.06623717943226176,0.09582998552623385
0.15956165014426954,0.12974060952534294,0.13327292440358265,0.09018416965293874,0.08176366077645274,0.15956165014426954,0,0.07381663985329429,0.1109746678424567,0.08772332268622819
0.18533161380368923,0.061895526935666245,0,0,0.0572701591095233,0.18533161380368923,0.2762154298595142,0.19965602358774798,0.16815517553606085,0.1726146732488878
0.23347899076324566,0.2307101524679493,0.22135238661970313,0.17880694960788446,0.10835245356370901,0.23347899076324566,0,0.08261307400096139,0.10904047494388817,0.10038873232506756
0.15226241721667305,0,0,0,0,0.15226241721667305,0.30003079944436645,0.18058981169078556,0.1587151454887851,0.10582175938556558
0.10359361517614633,0.1593147366233943,0.13010648252555557,0.2121992288359879,0.20825025761121507,0.10359361517614633,0.13088406496246593,0.09745239111108807,0,0.08208624325007345
0.15063452304456906,0,0,0,0,0.15063452304456906,0.2569003708271546,0.20006395526863782,0.17453582698695136,0.15220443324686517
0.25382703644049515,0.11097877473770366,0.13125870043217638,0.07376146752760779,0.09356920290215771,0.25382703644049515,0.2729925123165338,0.11675087543720077,0.06382327829766071,0
0.1668297570344327,0.08216783128162605,0.013052372595753734,0.09781802597009483,0.013502322325721574,0.1668297570344327,0.14978683833885922,0.19704545017952024,0.21438522342171087,0.1521136551014557
0.1025273741466083,0.10992993424654877,0,0,0,0.1025273741466083,0,0.11541857813516991,0.10961807197788731,0.06447772572669176
0.3023032339115795,0.2890979069732222,0.24526195066698459,0.2308979403298894,0.21246239773154799,0.3023032339115795,0.23589278420502002,0.15427528682557115,0.12329145977765422,0.04393963139343278
0.09582393115196242,0.07213913134010026,0.13729453473564965,0.12233244786023248,0.1669279063016876,0.09582393115196242,0.0929346910641851,0.12682720577295353,0.020688479846117564,0
0.23171965455995083,0.1164894694025878,0.17498787814756073,0.17248906746606749,0.12540778656545445,0.23171965455995083,0.109849800592492,0.10593584907817566,0.14212174804060804,0.10234455140357633
0.2617872183648666,0.21055772006625284,0.2480476312917662,0.23139270549058444,0.2040160129730965,0.2617872183648666,0.14891042389971076,0.18271459051537084,0.1189016306195113,0.10972297203996943
0,0.08511948611178353,0,0.031201274208074954,0.03766341442712235,0,0,0,0,0
0,0,0,0.07326929765218979,0,0,0,0.036777812067833066,0.05387914555193299,0.07441741661933605
0.43572146405606327,0.24920786442872117,0.12561080971918354,0.13902227279395143,0.12830883198908355,0.43572146405606327,0.20002958884669383,0.13519523052303767,0.11605325804246988,0.10964670688705302
0.3564936969905723,0,0,0,0,0.3564936969905723,0.09335604855985567,0.07164220260079616,0.0686043928698357,0
0.08630922017804944,0,0,0,0,0.08630922017804944,0.14051526310645873,0.06710113491265444,0.0971900600306375,0
0.26444317870102796,0.0782630467225577,0.04850303431103846,0,0.09221195196971285,0.26444317870102796,0.15106136100596904,0.08666404989050511,0.0907236393119324,0.1056081153357637
0,0,0.075676432854535,0.014173870705280006,0.016938685162324493,0,0.06705840109793776,0,0,0
0,0.09606215631522855,0.12713479590711146,0.09778777265867254,0.14736865226978374,0,0,0.09033064973161993,0.140927394363457,0.12392244915445091
0,0.03906679106437676,0,0.01740513340649739,0,0,0,0.06666685938193323,0.11983167200064587,0
0.16847232152423497,0,0.06710361216844189,0.11832635047272036,0.12537792373390444,0.16847232152423497,0,0,0,0
0.18661578798550874,0,0.08600132395409951,0.07890385692280492,0.06806520667590268,0.18661578798550874,0,0,0,0
0.22906605072829017,0.17929756150146642,0.16085940078748998,0.12113831150525113,0.1394195241585899,0.22906605072829017,0.12200067598075374,0.06871250065251303,0.11836121469872601,0.10853592238806134
0,0.061178238704629746,0,0,0,0,0.11294280409939421,0,0.07481984180655553,0.14509806705638542
0.28676379235845684,0.1570019164441691,0.06771970235611044,0,0,0.28676379235845684,0.17771996882123273,0.20192232696013832,0.1617850720919111,0.1536709023652919
0,0,0,0,0.05257918934298059,0,0,0.09363126518553712,0.08362333671419368,0.029974658601098023
0.2968855429976773,0.15953291023761462,0.18170145608116847,0.10337945139471975,0.12648130199467508,0.2968855429976773,0.28242565194785846,0.25513834526870666,0.2141446015438754,0.14682425682978667
0.2773371278271952,0.2990397272844147,0.2401938362821424,0.15852484421500232,0.14131200350773185,0.2773371278271952,0.3005613239783854,0.3186720926858387,0.21506719177795172,0.18569357801544764
0.18589941083706635,0.1541661489016786,0,0.0854049265299428,0.06443386535203727,0.18589941083706635,0.08146259773688679,0.11285028572525861,0.08962120813735794,0.048450778880600474
0,0,0.04148984695713964,0.020646941842309533,0.05463374409861526,0,0.04326824772934449,0.1040829721283966,0.07322737247225361,0.07753751734324053
0,0,0,0,0,0,0,0,0,0.02259618071571868
0.14820810340577498,0,0,0,0.05746496875937793,0.14820810340577498,0.01712163641199479,0.09600788629375698,0.07844548273732961,0.08841855557493289
0.41264605507383056,0.20563334240086295,0.1548364228870556,0.1773811312916265,0.13354431552726878,0.41264605507383056,0.11080971578982879,0.07500724972230163,0.09255030772127801,0.11411946871748561
0.06494040916493575,0.0750812100389403,0.07495730823887961,0.08920418098665057,0,0.06494040916493575,0.21795835247648168,0,0,0.07984505528774519
0.19996755974265168,0.14521664336935014,0.08284152767551371,0.08063594553319212,0.11114678515344403,0.19996755974265168,0.03342984185227168,0,0.003930027231541927,0.04462397965329274
0.30544235575468587,0.14789094957534546,0.10819054118784782,0.036656785194245076,0.0627588121334633,0.30544235575468587,0.16815610291277167,0.07987709277349797,0.06296969403968429,0
0.11788295953918786,0,0,0.06707082036110462,0.10241558816902814,0.11788295953918786,0.13483455634989278,0.0790899134020352,0.09311188061000333,0.1005630361383351
0.28934405768908356,0,0,0.07844057109536509,0.049001931719219245,0.28934405768908356,0.056193480686208795,0,0.06505625124025115,0.10236977036041416
0.3163080559963025,0.3570056465048403,0.27525231003482076,0.23535225350182523,0.20084565143633962,0.3163080559963025,0.1308686534351756,0.18529932857947173,0.1207583123452001,0.08376952442955805
0.3485075176786614,0.07441834855317433,0.1308461476416626,0.12107394679887241,0.10055012289422757,0.3485075176786614,0.1579242851184394,0.1860550381641099,0.1630192585166064,0.16627319213274058
0.22033943755348687,0.18400798741652624,0.020124106904949684,0,0,0.22033943755348687,0.07737804146444405,0,0,0
0,0,0,0.09154145026782977,0.04251114980192373,0,0,0,0.11559074007525381,0.06858297378526353
0.26973189904917144,0.13279000059810178,0.17870360852844352,0.1516645915761543,0.1063987218969638,0.26973189904917144,0.16377780376915935,0.23306937820217177,0.1705882565541639,0.15315277337446412
0,0.1145266066071935,0.15141337698816745,0.21333382084618097,0.20483727285640338,0,0,0.02711393152904365,0,0.06470206788397753
0.07198666892274784,0.11257092267835282,0.1674182092558552,0.15632360133946002,0.14998316229841213,0.07198666892274784,0.19209900080622658,0.08464156680696333,0.13292239128118324,0.08031105175558735
0.2326102890861658,0.08733099901494798,0.11153276183648834,0.11952495855003319,0.10260594869131773,0.2326102890861658,0.11734833711614415,0,0.12317242597993168,0.05463962005619427
0,0.12052151436155724,0,0.056100457297718176,0.08202151811169223,0,0,0,0.13385455858633963,0.10873653005666291
0.24338079850384034,0.0509768137654122,0.044985605815331745,0,0,0.24338079850384034,0,0,0.049069320691813,0.03159833649292912
0.2614738939449809,0.05513505785951924,0.12348077789589698,0.06007247130119746,0.07861373670312888,0.2614738939449809,0.15394403126963097,0.1125123836084937,0.1148811263477511,0.14670288625462585
0.2915046476796455,0.1338205094427266,0.11646795084486407,0.08639057507594453,0.08528246131903128,0.2915046476796455,0,0.07172002218661234,0.031140891769729086,0.04899586063160265
0.3716994316561953,0.3397059557194347,0.21818053914767851,0.12339513585506347,0.09112686101958954,0.3716994316561953,0.3517811347165213,0.2953712990775027,0.24618719469974132,0.12411929096495511
0.08842703858365084,0.06071554948210882,0,0.07590747798900742,0.09066280897338767,0.08842703858365084,0,0,0,0
0.3558277245804793,0.09107483406250524,0,0,0,0.3558277245804793,0.21502951748444243,0.04690734000249425,0,0
0.4131354894335055,0.15965367303849232,0.11472942410067762,0.07677229280352225,0.09072727702950693,0.4131354894335055,0.3274094335971927,0.2385296285449028,0.20355541237104124,0.1139880774935114
0.08967040073543499,0.11979130034073572,0.06340164041763897,0.1325735956031507,0.023044185858693954,0.08967040073543499,0.12886316837827055,0.13106496897935468,0.13376987665474455,0.11042602926916385
0.0702350862388761,0.08781628944819744,0.07947988240781971,0.07029782760931962,0.09825969296596797,0.0702350862388761,0.23815669801395337,0.13708767957257054,0.09701323053964309,0.040732446845706954
0.3188096854371028,0.21094310575148567,0.1737043120739296,0.0678338695800863,0.08581133943965145,0.3188096854371028,0.1002804750034328,0.12872623417838927,0.16625415134034488,0.13764589046400802
0.21827793287134944,0.08324528965179556,0,0.07952465685098416,0.019385750960308964,0.21827793287134944,0,0.08872808085942362,0.05018854880668662,0.06240265418149305
0,0.10098159953026396,0.10944025486254039,0.10111094804511983,0.08643920020152186,0,0.0986160798650615,0,0.06624641127936932,0.07996457674955952
0.31397365188527415,0.18202354550294558,0.18200572333360376,0.14568226904665565,0.14977520233820069,0.31397365188527415,0.25714026455879974,0.17974564839251644,0.19596040331915304,0.13840394334490094
0.13105233308603548,0.1268136550495236,0,0,0,0.13105233308603548,0,0,0.1301886418331532,0.12673815650913386
0.16938884253288722,0.02343690810584106,0.03711293713096329,0,0,0.16938884253288722,0,0,0,0
0,0,0,0,0,0,0.24935782790310565,0.10131404916331396,0.11581146779300067,0.13448931704243294
0.21281591748518058,0.13043344765676895,0.11293040203857994,0.07518475810984931,0.08831073917536572,0.21281591748518058,0,0,0.033108561895940795,0
0.16267407103140413,0.2506033646492911,0.16001072809983505,0.12898554012209645,0.12779575168689628,0.16267407103140413,0,0.03861938876958286,0,0
0.21135561073798106,0,0,0,0,0.21135561073798106,0,0,0,0.05520107281756503
0.2704635581051013,0,0.04098626237982078,0,0,0.2704635581051013,0.3264295859224169,0.2617795276402494,0.16874652686247066,0.15513344886758576
0.18586985289921318,0.11271060566055661,0.1713896804947484,0.14550442747385176,0.12303866606791784,0.18586985289921318,0.12018308764480114,0.14195311949681794,0,0.07192253416642111
0.3925719956388008,0.29793733910095865,0.25486898272028036,0.16360316518521753,0.1514059313520626,0.3925719956388008,0.35203199453131206,0.2785570345811643,0.21645185914806864,0.10707589100499239
0,0,0,0,0,0,0,0,0,8.601965601723273e-4
0.42016207147479084,0,0,0,0,0.42016207147479084,0.12651057614837438,0.08983006609024424,0,0
0.18079549208909285,0.027403084150715802,0,0.03471493579283312,0.09175364953585075,0.18079549208909285,0,0,0,0.044885215602236794
0.3743309818640893,0.23908831595278612,0.1970490422642896,0.18370778965646994,0.14549100763010833,0.3743309818640893,0.15411204277330282,0.14503686126867904,0.13420015830540866,0.10919918811732489
0.3260188566479824,0.06394771476872221,0,0,0,0.3260188566479824,0.034807497713872586,0,0,0
0.162762306100749,0,0.09773101635608278,0.057167461632155255,0.10821796861530326,0.162762306100749,0.13662728025697632,0.1494230376315812,0.04639584123939375,0.07328435411385804
0,0.05761614576804455,0,0,0,0,0.1244394782494404,0.1535109501154728,0.1293154554424013,0.12369411431585961
0.11265439490322914,0,0,0.11793740619021838,0.0356491248537058,0.11265439490322914,0,0,0.038858787414305956,0.0915020678565679
0.12859653637889365,0.15574979382111573,0,0,0,0.12859653637889365,0.18748654895027,0.10520140105911759,0.11208927076030985,0.1414182414915983
0.16044148856917204,0,0.05342525995352647,0,0,0.16044148856917204,0,0,0.03479758879171552,0.06628547062561094
0,0.0794991703290536,0.1257049904903807,0.19516020814214055,0.1512589577082777,0,0,0,0.09957464665684643,0
0.24724983039929202,0.23353017707042797,0.16304928738965063,0.20472785644535751,0.13964027940393323,0.24724983039929202,0.19766159745403702,0.20486434969580083,0.10576695750879136,0.07532151878832297
0.1350160509673116,0.2739988150544162,0.10549772080027699,0.13424870198034475,0.12519988041626712,0.1350160509673116,0,0.12816799453536443,0.13231079275907395,0.0625157091901633
0,0.2086448713843053,0.18264853013556914,0.16482698188719874,0.17336311344728592,0,0.11324108218044936,0.0818111207161139,0.1144508789448773,0.11178451427826945
0.14689493724503788,0.2720102839217937,0.21523716898913517,0.09521505469215794,0.06767048115706553,0.14689493724503788,0,0.07416699210806443,0,0.10853813706206482
0,0,0.004409625950704385,0,0.07223214416727124,0,0.07711794167697046,0.06360141611073357,0,0
0.20693097263535026,0.16140216883347092,0.20423686037917202,0.22351147298550905,0.17270532895723248,0.20693097263535026,0.0410045201009893,0,0,0
0.36727788821783014,0.2722293890540408,0.20105795898560555,0.16245531020166246,0.13364299674825153,0.36727788821783014,0.2761297442794473,0.2742241914222264,0.2583118458611557,0.1764272525414554
0.10379206146325468,0.06492040879900438,0.1573507878792274,0.17802654065414164,0.09109330420052135,0.10379206146325468,0.27525565804890967,0.20201451652496255,0.19313657407301577,0.17041575171750836
0,0.20784413756700235,0.17485749935721734,0.13227654450094314,0.10796092460251902,0,0.11631488083329548,0,0.030212534973955804,0
0.3969645270279041,0.16532978127875297,0.025768943223317332,0.10105663004211468,0.1027054872421931,0.3969645270279041,0.25637428687220765,0.23271239707532307,0.1800731578652784,0.16763780692833363
0.3358326431013714,0.29640919663940224,0.30815049606769895,0.26215733964326027,0.15795528216289412,0.3358326431013714,0.1484644944621077,0.1661888809142506,0.11196694668869978,0.07024866440624357
0,0.11456175106490273,0.04156058326905224,0.1664773968476251,0.10965070825179742,0,0.13968896719059057,0.0718481068051921,0.09709597547825799,0.1009978820129831
0,0.08918963455746368,0,0,0.04537365646832879,0,0.10290581943476207,0,0,0
0.12320591287756505,0.24948703282425547,0.12873575534970963,0,0.044231440456021676,0.12320591287756505,0,0,0,0
0.330867535154901,0.24517457688885924,0.13386107638832254,0.0911509223074149,0.09350133786286585,0.330867535154901,0.1635935833166969,0.19952392126832771,0.17418738164863354,0.139560144627642
0.0702350862388762,0.12881172112987055,0.1518290004424687,0.06999102701743255,0.029540785358051172,0.0702350862388762,0,0.19607848051500687,0.18129161939359978,0.192712435920546
0.12320767982407729,0,0.11456524889222229,0.1283366004915237,0.15739633761971314,0.12320767982407729,0.07935140740884161,0,0,0.07709622612596147
0.38909269145920583,0.23888312314443289,0.21734584958870798,0.17773694250593486,0.10160303169411426,0.38909269145920583,0.22695745529760536,0.18322066580924187,0.18187463977623522,0.017987637349703284
0.21393246223674736,0.16780297219680496,0.16353174549502184,0.17586077973259223,0.12098132977765891,0.21393246223674736,0.23294081602760255,0.08371733767182495,0.13066953304819814,0.11982478492349283
0,0,0,0,0,0,0,0.049829174366364255,0.07920478519562148,0.050249760839332386
0.2137668727265851,0.029440538256114385,0,0,0,0.2137668727265851,0,0,0,0.06919493940077615
0,0,0.03959940619320976,0,0,0,0,0.008416676203463126,0.09426269430718408,0.05515276177247695
0.06614437109793056,0.152211129632708,0.09137710367220206,0.053062832817726654,0.04137109139535392,0.06614437109793056,0.07241948433631473,0.12836462553737213,0.058701333939050936,0.03752018718982473
0.39269972100797007,0.2795972835031121,0.20915844757398278,0.17987293612569336,0.15314053672364478,0.39269972100797007,0.2936168139497008,0.18772709872187576,0.16204695905168812,0.1645889156280943
0.2031489723627537,0.2523537453318504,0.25666254188761217,0.11419161182777675,0.13600728082475608,0.2031489723627537,0,0.09804839996005334,0.08334147282643349,0.06911416794046907
0.1344194501603436,0.14740655678341,0.12407705411074965,0.1251876821310594,0.11674356580065444,0.1344194501603436,0.008480669144409553,0.10054754013309855,0.12845203760609308,0.1067520707833134
0,0,0.05003029279932581,0.0988699849611465,0,0,0,0,0,0
0,0.11867735369991554,0.15103285307526013,0.16439235157901874,0.16148545686216492,0,0,0,0,0
0.3779495168541452,0.2609792114128935,0.23575477710906567,0.17692469505885267,0.14977060411766227,0.3779495168541452,0,0,0,0.04343814112385403
0.1881221870619126,0.16493523866106213,0.18504548538383775,0.14575771567607881,0.08603108638389548,0.1881221870619126,0,0.11882929589114524,0.08481795708185658,0.08540905340807985
0.20031599368795136,0.0914693130785974,0.11158347720524477,0.09721107919397334,0.11401265248244036,0.20031599368795136,0.14215876961600374,0,0,0.07110154584636999
0.21672532189775,0,0,0,0,0.21672532189775,0.16371854075029543,0.17079337754479754,0.1165325330693415,0.09747605250735121
0.22204835139694676,0,0.018127762323691274,0,0.016755059323825504,0.22204835139694676,0.27442753342344206,0.21214423524995113,0.13507644535979768,0.1212375127370017
0,0,0,0.10236839130147143,0.09649342277542394,0,0.1820862202346893,0,0,0.06351206598942312
0,0,0.08130496396047139,0.06442780863792058,0.01771208655818337,0,0,0,0,0
0.16503793329116626,0.05371261689798439,0,0,0.06608682041633147,0.16503793329116626,0.17417859762842347,0,0,0.055800710621182636
0.19653334609006215,0,0.036528827362125614,0.09165249937483162,0.115195164474426,0.19653334609006215,0.254457320508869,0.12712651950236153,0.08763389388799415,0.09969948559257776
0.3922060065231336,0.44796990252179186,0.2502030710179262,0.1868720927256794,0.11927164292317893,0.3922060065231336,0.3456037294406978,0.2528203368405322,0.22990147349028608,0.14683553408446579
0,0,0,0,0,0,0,0.08208629023791206,0,0.01611097256822945
0.08945293867236762,0.04665171053969235,0.011884894119412091,0.04881221519778516,0.09303770738958601,0.08945293867236762,0,0,0,0
0.11835527048647261,0.10141285580093029,0,0,0,0.11835527048647261,0.06999816225154934,0,0,0
0.4036646789678076,0,0,0,0,0.4036646789678076,0.2581865483350053,0.17019526715544717,0.08057799734186029,0.1403018917914743
0,0,0,0.02479124903087579,0.12222370428794808,0,0,0,0,0
0.17664474103889377,0.16774155857624493,0.15540098282685985,0,0.11816642013462218,0.17664474103889377,0.13190222930238102,0.07934739453622976,0.03805761458927192,0.07275684153005255
0.09883324222148018,0.23262317987361672,0.12013157660765943,0.1388601102358074,0.1070988644272003,0.09883324222148018,0.05423857756480788,0,0,0
0.2673496759931215,0.1439866778775524,0.18800971452674273,0.15811686534772648,0.1481388086287997,0.2673496759931215,0.20235925940563124,0.15492251847333346,0.08459718396184558,0
0.256444442165546,0.10210947494641667,0.14493786667945344,0.10247104337842781,0.12728148122485045,0.256444442165546,0,0,0.05719267783690324,0.06753299925485363
0.3400074615922528,0.2596408458711388,0.20258794275826497,0.09128399745654393,0.10681967449280379,0.3400074615922528,0.14912388488742234,0.1454667499507967,0.10583459101948496,0.08214939845411619
0.6025018541221311,0.3151359338005569,0.21866142698981414,0.1748823672209133,0.14880213099757772,0.6025018541221311,0.303894903772992,0.28411204301253784,0.23088705194962683,0.1829418636468105
0,0.08826202562705072,0,0,0,0,0.08687030707084986,0.1043933490260816,0.1479017698910338,0.05636929043089926
0.2339867025537972,0.16849931106975097,0.1647485503775462,0.1027291158267942,0.09751400664764634,0.2339867025537972,0.20070335810986453,0.17021740198568006,0.14827510626651783,0.11604586994022158
0.24482363984328523,0.2951048115906829,0.1570073546022878,0.1498299574841693,0.09231509804924978,0.24482363984328523,0.1425719156673991,0.1857668084480739,0.12684903321335647,0.10683403700671122
0.2282914922688228,0.17183957534695532,0.17309002280346525,0.20982726141064822,0.16623782159471887,0.2282914922688228,0.18860557429403488,0.20860069414478657,0.15215889680425507,0.14068383366720558
0,0,0.09397618211653692,0.10217739387190315,0.14421911266348822,0,0.14098772862715503,0.05752518987258987,0.06168602097367374,0.12400200102748712
0.13968304422758746,0.06092463519384733,0.13314628179798668,0.18878540780783948,0.17022130934627372,0.13968304422758746,0.20297961308295376,0,0,0.06018321367092665
0.3062749480521445,0,0.06547560053464696,0.016986878979926408,0.073434599728638,0.3062749480521445,0.17161652093895938,0.17605702894264683,0.1370370677407923,0.19079039395936837
0,0.081780910167389,0,0,0,0,0.09764568040079775,0.18155226602083352,0.12452068199161583,0.0605950627502955
0.09709869693533128,0.23913612726950373,0.21409893029176139,0.15233854255537221,0.16380376498981547,0.09709869693533128,0.12249468092207534,0.17467721097066116,0.08306230985711366,0.13057636398519396
0.1482929429435477,0.15362911928575146,0.04227228265534694,0.11861966369632064,0.01928518746996041,0.1482929429435477,0.24116624629015793,0.1571177765304614,0.16273514912719275,0.1533633417378644
0,0,0,0,0,0,0,0,0.05841391003578432,0.05207567529058121
0,0.015919753282566253,0,0,0,0,0,0.052187622423056204,0.05420405521720929,0
0,0,0.019640505514483864,0,0.0417952778812389,0,0,0,0,0
0.23332515684261054,0.23260186949291892,0,0.0939409831946026,0.047546970261581493,0.23332515684261054,0.15801758349029715,0.23786396060528692,0.1662537612984126,0.10779388862250398
0.19653334609006204,0.19352469998585356,0.19641965659823746,0.08677209049494115,0.07615146669699692,0.19653334609006204,0.09397784121198856,0,0.06072430696111683,0
0.09120031271493281,0.08953443556331436,0.07827420187805025,0.0552245734203821,0.09174892586675347,0.09120031271493281,0.08181037954937895,0,0.03323546452815355,0
0.20350813303785356,0,0,0.04011647079683739,0.05030713710585709,0.20350813303785356,0.12207615184515003,0.1683683903085381,0.1369319989295361,0.1579190518912785
0.2039576077500096,0.056527972434269824,0.08557946509504513,0.11778335302494464,0.1367725837456816,0.2039576077500096,0.15984254749996815,0.0842100850513494,0,0.02217326245122867
0.23099058389440444,0.26235366706661134,0.15200097799267454,0.16418813464567575,0.18605702479670172,0.23099058389440444,0,0.10642294096998725,0.10105140112070432,0
0.2733676572162979,0.07497921686860491,0,0.027268908873912534,0.03711683458839051,0.2733676572162979,0,0.039208932398489216,0,0
0.22687055939096865,0.13488851480508146,0.07952140025138892,0.04110403300508018,0.0575976428197253,0.22687055939096865,0,0.06464325691153529,0,0.10167553429478146
0,0.032646093035372394,0.02549041465315338,0.122736821817203,0,0,0.2761997965846998,0.32675262054273757,0.270671369903759,0.26169719211564507
0.40556336255157593,0.1586638098338648,0.07908730371304813,0,0,0.40556336255157593,0.20492258972037267,0,0,0
0.3111246503904815,0.10524350853615086,0.03502362836012356,0.07966216379667444,0.06492538178017027,0.3111246503904815,0,0.07680659392537331,0.0722694272059044,0
0.36369088835309343,0.20101226479230333,0.11070276935792649,0,0.08124243798457761,0.36369088835309343,0.15513529322923342,0.2249021407001193,0.1790934724195874,0.1887388641104196
0.26039116395357337,0.1592617706854202,0.06202851440825933,0.059319164162022556,0.06243263349474882,0.26039116395357337,0.13017441110694897,0,0,0
0,0.15984951437347059,0.134758642153276,0.17237386332449156,0.17515876877658643,0,0,0.08542034423990996,0.03306523444637287,0.13994204148249845
0,0,0,0,0.021893235913672288,0,0,0,0,0.04274588566409825
0.4259873254748332,0.2433749412279498,0.18355611790529783,0.11850453528693397,0.11098179879862875,0.4259873254748332,0.25186988695537776,0.18348955518419616,0.029764401533573442,0
0.07015681439595967,0.18347751592550357,0.18638203921397867,0.18054586012057836,0.1249843344094905,0.07015681439595967,0.1796530971433835,0.12823570490196098,0.09958781793934267,0.12449276908485368
0,0,0.03597479650332856,0.058011412542617914,0.05383904999331599,0,0,0.05253618747091105,0,0
0.14403503420547345,0,0,0,0,0.14403503420547345,0,0.1386513246474686,0.07252628563683232,0
0,0.1737522857948748,0,0,0,0,0.0889335500739701,0.07312893521605815,0.050581955226266906,0.06558951997459228
0,0,0,0.08300424341625076,0.0725611624107129,0,0.1001580072949488,0.07923841815627908,0,0.07393285000465843
0.05456367744559386,0,0,0,0,0.05456367744559386,0,0,0,0
0.09650789946703842,0,0.11544044625814656,0,0.06626573460989958,0.09650789946703842,0.13516950713839335,0,0.03036999829766916,0
0.09128311205744609,0,0.04611289247975494,0.019052237747817856,0,0.09128311205744609,0.07125294442786427,0.05354872801767154,0.08124178257906166,0.03878517366222481
0,0.09792712519121641,0,0,0,0,0,0,0,0
0.2991178842253131,0.151814187890282,0.1778238809773554,0.21189874359156047,0.2434446817501554,0.2991178842253131,0.0817583049716946,0.025714873355217674,0.10787090342876958,0.07218271957783119
0.10778797795273014,0.17448705449470606,0.1777819979735945,0.12375350920362563,0.10980888928823537,0.10778797795273014,0.08633324846731462,0.06659255497096755,0.10281271373349428,0.06419210510164312
0.16420153656163958,0.15350903278764658,0.1990797649823979,0.1978279589860157,0.15867123312200332,0.16420153656163958,0,0,0,0
0,0.17900675174143485,0,0.10016478548861864,0.08789153935604357,0,0,0,0,0
0,0,0.05239590079168975,0,0,0,0.32763158706550294,0.25203951974544575,0.22179267113265067,0.1908928482357299
0.2281986656884729,0.17201010959092275,0.12593236952626966,0,0,0.2281986656884729,0.15684903808065337,0.11036023487518024,0.1022810261690759,0
0.15794030622281224,0.22725030667529067,0.20681511630021354,0.20448988085849912,0.19235612562498605,0.15794030622281224,0.10760413956191381,0.14547003179752352,0.13641411686858493,0.10241859201116939
0.28537701631358026,0.1702967280642184,0.12134551105123971,0.12730912844075956,0.14086252519425566,0.28537701631358026,0.15025808156078166,0.061294111497808085,0.05121883651064689,0
0,0,0,0,0,0,0,0,0,0
0.1612730339583691,0,0,0,0.008863051843475484,0.1612730339583691,0.15825200673389023,0.13805275869523456,0.19150863143733426,0.18869921084930066
0,0.11911773744070381,0.2547050272283846,0.23028082455096394,0.16261547139905494,0,0,0,0.07590372415903686,0.09229940067165779
0.4117259269983898,0.20967279958719848,0.17402371266603558,0.07215526370790196,0.12598504634182858,0.4117259269983898,0.20219436455956608,0.13507211358905782,0.09026154512660513,0
0.2719702171707321,0.1561797824421723,0.07953345392178542,0.042640852728187496,0,0.2719702171707321,0.19173996141100347,0.1445149983002585,0.11329919403390344,0.0686853175230772
0.20865810854146008,0,0.05963450365971226,0,0,0.20865810854146008,0,0.0717336959110458,0.08874495654596093,0.09876950616783035
0.1048137760630459,0.1380431730589647,0.08419246886668345,0.10458586487474948,0.06858242230952931,0.1048137760630459,0.15812179789508,0.18688206240434238,0.2383433656031208,0.12467029180140045
0.2515571835703064,0.3256324180689932,0.26399969606347673,0.2566820909193939,0.2101405247430706,0.2515571835703064,0.21719084234797834,0.15528888059275828,0.12372935623093752,0.08450176546792415
0.18783079761358837,0.09932299055437628,0.1780979261407126,0.15249942570421035,0.14505870990294523,0.18783079761358837,0.12610478545768122,0.09696508146115589,0.015315411173520383,0.03023081170746403
0.31266979519575683,0,0,0.10560121607766479,0.09591087683455453,0.31266979519575683,0,0,0,0
0.03708703742745304,0.16995072166742173,0.17522658940900349,0,0.10491361711206362,0.03708703742745304,0,0.04048519126857942,0.052208227251363114,0
0.06244659149707346,0.20595974273550838,0.18330122130462853,0.20135291729017576,0.1769963527908698,0.06244659149707346,0.12189337751523091,0.1091573313306136,0.11373865843257118,0.11493426986548066
0,0.09307202261818312,0.04249022866007046,0,0.08093150130811752,0,0,0,0,0
0.25825915323024273,0.2401025476271394,0.23614962750169957,0.2114619351857454,0.20149619868829446,0.25825915323024273,0.13317950413413396,0.09353608125642801,0,0
0,0.14178754084233341,0.05653915129988544,0,0.045551674962394866,0,0,0.0312782333179579,0,0.004568335429073307
0.06863447684260943,0.0854719985642034,0.1079638613181549,0,0.08117773244099531,0.06863447684260943,0.18535873637843633,0.1588195130094948,0.1527221155141304,0.13730786914124746
0.2133993578914733,0.1532566095181741,0.1134438210506331,0.12056204151995073,0.057046949097980776,0.2133993578914733,0.18773165568697253,0.1291880811305677,0,0.016121171328885603
0,0,0,0,0,0,0.11249504184423527,0.07195834935209519,0.0652054175419444,0.0694722696661026
0.44632902742791924,0.2917228571530088,0.16410024837362042,0.058932484532865884,0.06566395225126749,0.44632902742791924,0.34180110697541677,0.18930561845190697,0.16851631591464572,0.14264937102844114
0,0,0,0,0,0,0,0,0,0.07468860615704188
0.23673813530758478,0.1269190459400322,0.09755743437011018,0,0,0.23673813530758478,0.20203659833177579,0.16815772097747247,0.10107466408312057,0.1110092123043573
0,0,0,0,0,0,0.1404687936686831,0.09630025419603937,0.052837832120254793,0.08701775262709703
0,0,0.1366046363739155,0.1361970543395378,0.13930260814670314,0,0,0,0,0
0,0,0.0959041976558251,0.06332250733983301,0.04968084903719495,0,0,0.12020408010598527,0.13140167187984161,0.13493224991676522
0.1406966015382837,0.16123315428468243,0.1315099884913883,0.1337147355159742,0.11384413303774914,0.1406966015382837,0.09108671752977557,0.024623934088373472,0.073334865370357,0.08338904117620029
0.1350160509673116,0.1378333405275809,0.08660711527503022,0.12587023992460863,0.1254669344127419,0.1350160509673116,0,0,0,0
0.22650699708060315,0.21279067623274317,0,0.05086951948240857,0,0.22650699708060315,0.20072869728133816,0.1443512935769679,0.2096300056043914,0.1658346528336565
0.13270089383614508,0,0,0.09054653470641558,0.14296355243903677,0.13270089383614508,0.07608511247848397,0.09303681919715048,0.10483324814306573,0.13929083002872905
0.2129506884270127,0.20562190977215883,0.1240068772270477,0.06561211039711028,0,0.2129506884270127,0.21225986061068328,0.14025964547768033,0.092513864836292,0.10250826548630101
0.1520225879283138,0.17789820533898623,0.15795681434131315,0.18184167298850942,0.11722026016800907,0.1520225879283138,0.17298146722755647,0.10116743481482654,0.07761876836990073,0.07630290538984222
0.276890936093448,0,0,0.0596057376683867,0.02573019148178084,0.276890936093448,0.27261828312215064,0.218321894660716,0.2024754207233663,0.1792123125474522
0.32917359778400285,0.12949133774650498,0.09595901839301359,0.12712997939116932,0.11824678349800173,0.32917359778400285,0.23488546974137,0.24171924070889617,0.15936730580101996,0.11380315795787899
0,0,0,0,0,0,0,0.060402270503991204,0.13314512400745696,0.13104341907806188
0.2604753486486102,0.21991331070550796,0.21336350711296503,0.2631735683362402,0.21960808019236577,0.2604753486486102,0.20431563167309671,0.14077094001077411,0.16450244129597322,0.1605323488439076
0,0,0,0,0,0,0.07102152330497857,0,0.03423620749636738,0.027832969311681218
0.3523647926192595,0.16037367051378673,0,0.08724305370179129,0.09018451448591547,0.3523647926192595,0.18274230925374788,0.11638723951106672,0.1219483022976721,0.12929461614489912
0,0,0,0.04548094413408202,0.0918549376832968,0,0.15141559527600085,0.0213426482548694,0,0
0.3004521030236198,0.010329819012144779,0.04908623095949589,0,0.02780460843966677,0.3004521030236198,0.08268883815199955,0,0,0.04718834182644732
0,0.059852367324809815,0.12379053444052456,0.12541092298294843,0.049631898460012217,0,0,0,0,0
0.29599356897633905,0.24548270503531225,0.12344067855712625,0.09895535924779898,0.05710345009985249,0.29599356897633905,0,0,0,0.03661840667235587
0.2422789274763257,0.17910773650425305,0,0,0,0.2422789274763257,0.1418034838643397,0,0,0.07011673605602763
0.21631623484930598,0.044222875473632246,0,0,0,0.21631623484930598,0,0,0.02518651769018908,0
0.1881221870619126,0.048515198581200646,0.028086747376265403,0.05005009283548727,0.08546507810096107,0.1881221870619126,0.15501853448972855,0.09244771566734838,0.08953725695859913,0.15460458822454481
0.24082682159086435,0.1525078456458247,0.08123579288952824,0.06952364012612974,0,0.24082682159086435,0.1850852056393781,0.1398519488440857,0.13211839198834124,0.16681015589666828
0.3590916467491169,0.10500467931580253,0.12933299171544194,0.06364703897824465,0.006030910431778104,0.3590916467491169,0.1945549213981107,0.09979876495285495,0.08462274474199685,0
0.13828894936969083,0.18877033306058888,0.157877077972824,0.10986689898900996,0,0.13828894936969083,0,0,0,0.10006003398446059
0.3160205914038907,0.25665024683378357,0.16980107682093348,0.1730303505651022,0.19107125605643382,0.3160205914038907,0.10922565470365021,0.08124552411216951,0.07434212793098408,0
0.2657915852675042,0,0.046218966052843057,0,0.072037500631721,0.2657915852675042,0.134064979039153,0.15983425051777286,0.07199584451529982,0
0,0.19753886869303142,0.20099440466950827,0.1832382430117683,0.1532864932523094,0,0,0,0.03106822174554979,0
0.08572320114582722,0.09382132380432899,0.07630490484912567,0.07945992465043299,0,0.08572320114582722,0.23209999413225335,0.17036560968890282,0.12672080461024926,0.12509322462831177
0.22214936645646252,0.08151040897044405,0.08634465401866126,0,0.06719539986211001,0.22214936645646252,0.2229110470355947,0.3526556048694812,0.20020160179949856,0.16453351168633468
0.022867134187215202,0,0.05734225109757363,0.11100277434487252,0.10941683819683698,0.022867134187215202,0.17802414749728376,0.16123929955803212,0.13753463032187274,0.12702406858536164
0,0.06283850876147525,0.18485416156269271,0.14055394639905183,0.11926077409049907,0,0,0,0,0
0,0,0,0,0,0,0.2139212230246413,0.17416965759100084,0.10771624704329413,0.043513913998469586
0,0.10604452167965253,0.2180699559160707,0.13195114341216893,0.10425936457153073,0,0.13210862494752457,0.1222228273954956,0,0
0.1946751131430154,0.1582075839021926,0.20011948565247925,0.19919220718842892,0.21830220021301985,0.1946751131430154,0,0,0,0
0,0,0,0,0,0,0.10846801716516256,0.20605779340029487,0.16555438229225258,0.1377697923763955
0.21952621163193017,0.08266162775756947,0,0,0,0.21952621163193017,0,0.13631939676263727,0,0
0.3378119751032821,0.18506900963109849,0.14207367236247767,0.12651686798663983,0.0768710149389327,0.3378119751032821,0.21290878360218154,0.14571269171758836,0.148577812019899,0.10265746877833412
0,0,0,0.06428012023619066,0.0261219481293985,0,0.056652439926218386,0.04181005235621787,0.06657278661186036,0.06746667348889462
0,0.12865864471463584,0.09530251423449403,0.052999469208868485,0.07942216391652031,0,0.14740085455662544,0.15080689668914246,0.08597836473679295,0.08920803067533914
0.1875636816552723,0.1638694977000655,0.09965344292653015,0.09629684893967515,0,0.1875636816552723,0.11813199194431906,0,0,0
0.3166789903585536,0,0,0,0,0.3166789903585536,0.20975253035430064,0.1734988035305318,0.15996176701761936,0.1466609574510411
0.263766278308372,0.09430699559559708,0.09063657474102109,0.09216150271754327,0.02079250344873997,0.263766278308372,0.10472581821020692,0.2345734394276259,0.12830335873988866,0.022162650452639245
0.46766882154203465,0.34555558726623686,0.2903173470703211,0.23148156819145374,0.20617576893148784,0.46766882154203465,0.16243546531645306,0.13838208359127138,0.15063774172070585,0.07215600806792853
0,0.10273640211488096,0.07513272185235492,0,0.04183020666868156,0,0,0,0,0
